{"cameraMode":{"drawMode":0,"name":"Shaded","section":"Shading Mode"},"sceneLighting":true,"audioPlay":false,"sceneViewState":{"showFog":true,"showMaterialUpdate":false,"showSkybox":true,"showFlares":true,"showImageEffects":true,"showParticleSystems":true},"in2DMode":false,"pivot":{"x":-76.97303009033203,"y":43.27129364013672,"z":642.5642700195313},"rotation":{"x":-0.0329405851662159,"y":-0.056939780712127689,"z":-0.0018790505127981306,"w":0.9978377819061279},"size":673.1443481445313,"orthographic":false}