{"cameraMode":{"drawMode":0,"name":"Shaded","section":"Shading Mode"},"sceneLighting":false,"audioPlay":false,"sceneViewState":{"showFog":true,"showMaterialUpdate":false,"showSkybox":false,"showFlares":true,"showImageEffects":true,"showParticleSystems":true},"in2DMode":false,"pivot":{"x":2.384185791015625e-7,"y":0.6814862489700317,"z":0.10033762454986572},"rotation":{"x":-0.0014999144477769733,"y":0.011998753994703293,"z":0.00001791001886886079,"w":0.9999304413795471},"size":6.313920974731445,"orthographic":false}